id;Source;Target;Type;label;timeset;weight
1550;1285;858;Directed;;;1.0
1551;468;81;Directed;;;1.0
1552;416;411;Directed;;;1.0
1553;416;417;Directed;;;1.0
1554;126;125;Directed;;;1.0
1555;126;127;Directed;;;1.0
1556;288;289;Directed;;;1.0
1557;288;290;Directed;;;1.0
1558;288;291;Directed;;;1.0
1559;288;292;Directed;;;1.0
1560;288;293;Directed;;;1.0
1561;407;408;Directed;;;1.0
1562;407;409;Directed;;;1.0
1563;407;306;Directed;;;1.0
1564;473;474;Directed;;;1.0
1565;473;475;Directed;;;1.0
1566;473;114;Directed;;;1.0
1567;473;476;Directed;;;1.0
1568;473;477;Directed;;;1.0
1569;473;478;Directed;;;1.0
1570;473;479;Directed;;;1.0
1571;282;607;Directed;;;1.0
1572;686;110;Directed;;;1.0
1573;575;576;Directed;;;1.0
1574;575;577;Directed;;;1.0
1575;575;574;Directed;;;1.0
1576;575;578;Directed;;;1.0
1577;575;579;Directed;;;1.0
1578;199;114;Directed;;;1.0
1579;199;200;Directed;;;1.0
1580;199;201;Directed;;;1.0
1581;199;117;Directed;;;1.0
1582;199;384;Directed;;;1.0
1583;199;197;Directed;;;1.0
1584;199;868;Directed;;;1.0
1585;199;364;Directed;;;1.0
1586;112;113;Directed;;;1.0
1587;112;114;Directed;;;1.0
1588;112;115;Directed;;;1.0
1589;112;116;Directed;;;1.0
1590;112;117;Directed;;;1.0
1591;112;118;Directed;;;1.0
1592;113;112;Directed;;;1.0
1593;113;114;Directed;;;1.0
1594;113;115;Directed;;;1.0
1595;113;116;Directed;;;1.0
1596;113;117;Directed;;;1.0
1597;113;118;Directed;;;1.0
1598;62;63;Directed;;;1.0
1599;923;815;Directed;;;1.0
1600;923;924;Directed;;;1.0
1601;923;925;Directed;;;1.0
1602;923;634;Directed;;;1.0
1603;542;48;Directed;;;1.0
1604;466;120;Directed;;;1.0
1605;466;467;Directed;;;1.0
1606;466;239;Directed;;;1.0
1607;77;55;Directed;;;1.0
1608;77;78;Directed;;;1.0
1609;856;782;Directed;;;1.0
1610;643;644;Directed;;;1.0
1611;643;189;Directed;;;1.0
1612;643;130;Directed;;;1.0
1613;643;645;Directed;;;1.0
1614;545;185;Directed;;;1.0
1615;545;186;Directed;;;1.0
1616;664;68;Directed;;;1.0
1617;157;158;Directed;;;1.0
1618;30;128;Directed;;;1.0
1619;30;99;Directed;;;1.0
1620;30;129;Directed;;;1.0
1621;30;120;Directed;;;1.0
1622;30;130;Directed;;;1.0
1623;30;365;Directed;;;1.0
1624;30;87;Directed;;;1.0
1625;30;80;Directed;;;1.0
1626;30;366;Directed;;;1.0
1627;30;792;Directed;;;1.0
1628;30;841;Directed;;;1.0
1629;30;65;Directed;;;1.0
1630;30;842;Directed;;;1.0
1631;30;751;Directed;;;1.0
1632;30;935;Directed;;;1.0
1633;1080;120;Directed;;;1.0
1634;1080;1081;Directed;;;1.0
1635;1080;1082;Directed;;;1.0
1636;120;121;Directed;;;1.0
1637;120;122;Directed;;;1.0
1638;120;123;Directed;;;1.0
1639;120;124;Directed;;;1.0
1640;120;30;Directed;;;1.0
1641;120;130;Directed;;;1.0
1642;120;466;Directed;;;1.0
1643;120;467;Directed;;;1.0
1644;120;1080;Directed;;;1.0
1645;120;1081;Directed;;;1.0
1646;120;1082;Directed;;;1.0
1647;367;368;Directed;;;1.0
1648;367;140;Directed;;;1.0
1649;367;1270;Directed;;;1.0
1650;367;640;Directed;;;1.0
1651;136;137;Directed;;;1.0
1652;136;138;Directed;;;1.0
1653;136;139;Directed;;;1.0
1654;136;140;Directed;;;1.0
1655;41;962;Directed;;;1.0
1656;41;429;Directed;;;1.0
1657;41;109;Directed;;;1.0
1658;765;570;Directed;;;1.0
1659;765;81;Directed;;;1.0
1660;765;766;Directed;;;1.0
1661;765;767;Directed;;;1.0
1662;770;769;Directed;;;1.0
1663;770;771;Directed;;;1.0
1664;770;227;Directed;;;1.0
1665;770;742;Directed;;;1.0
1666;770;772;Directed;;;1.0
1667;770;773;Directed;;;1.0
1668;770;774;Directed;;;1.0
1669;365;30;Directed;;;1.0
1670;365;87;Directed;;;1.0
1671;365;99;Directed;;;1.0
1672;365;80;Directed;;;1.0
1673;365;366;Directed;;;1.0
1674;872;325;Directed;;;1.0
1675;872;873;Directed;;;1.0
1676;872;454;Directed;;;1.0
1677;872;874;Directed;;;1.0
1678;872;875;Directed;;;1.0
1679;872;876;Directed;;;1.0
1680;872;877;Directed;;;1.0
1681;872;878;Directed;;;1.0
1682;872;341;Directed;;;1.0
1683;644;643;Directed;;;1.0
1684;644;189;Directed;;;1.0
1685;644;130;Directed;;;1.0
1686;644;645;Directed;;;1.0
1687;441;442;Directed;;;1.0
1688;441;490;Directed;;;1.0
1689;441;491;Directed;;;1.0
1690;441;492;Directed;;;1.0
1691;441;493;Directed;;;1.0
1692;441;325;Directed;;;1.0
1693;1002;189;Directed;;;1.0
1694;453;454;Directed;;;1.0
1695;453;287;Directed;;;1.0
1696;453;455;Directed;;;1.0
1697;453;456;Directed;;;1.0
1698;453;457;Directed;;;1.0
1699;480;481;Directed;;;1.0
1700;480;482;Directed;;;1.0
1701;480;483;Directed;;;1.0
1702;480;476;Directed;;;1.0
1703;480;117;Directed;;;1.0
1704;480;470;Directed;;;1.0
1705;480;472;Directed;;;1.0
1706;480;484;Directed;;;1.0
1707;121;120;Directed;;;1.0
1708;121;122;Directed;;;1.0
1709;121;123;Directed;;;1.0
1710;121;124;Directed;;;1.0
1711;121;125;Directed;;;1.0
1712;637;65;Directed;;;1.0
1713;134;48;Directed;;;1.0
1714;402;403;Directed;;;1.0
1715;402;302;Directed;;;1.0
1716;402;401;Directed;;;1.0
1717;402;404;Directed;;;1.0
1718;402;226;Directed;;;1.0
1719;1148;74;Directed;;;1.0
1720;1245;570;Directed;;;1.0
1721;1245;81;Directed;;;1.0
1722;68;69;Directed;;;1.0
1723;68;70;Directed;;;1.0
1724;68;98;Directed;;;1.0
1725;68;664;Directed;;;1.0
1726;68;751;Directed;;;1.0
1727;68;245;Directed;;;1.0
1728;68;158;Directed;;;1.0
1729;68;1061;Directed;;;1.0
1730;68;661;Directed;;;1.0
1731;68;235;Directed;;;1.0
1732;68;1238;Directed;;;1.0
1733;219;220;Directed;;;1.0
1734;154;137;Directed;;;1.0
1735;154;155;Directed;;;1.0
1736;154;156;Directed;;;1.0
1737;408;407;Directed;;;1.0
1738;408;409;Directed;;;1.0
1739;408;306;Directed;;;1.0
1740;408;502;Directed;;;1.0
1741;408;503;Directed;;;1.0
1742;98;68;Directed;;;1.0
1743;661;68;Directed;;;1.0
1744;661;235;Directed;;;1.0
1745;661;1198;Directed;;;1.0
1746;327;328;Directed;;;1.0
1747;327;78;Directed;;;1.0
1748;327;685;Directed;;;1.0
1749;327;110;Directed;;;1.0
1750;327;54;Directed;;;1.0
1751;328;327;Directed;;;1.0
1752;328;78;Directed;;;1.0
1753;328;552;Directed;;;1.0
1754;328;553;Directed;;;1.0
1755;328;554;Directed;;;1.0
1756;570;765;Directed;;;1.0
1757;570;81;Directed;;;1.0
1758;570;766;Directed;;;1.0
1759;570;767;Directed;;;1.0
1760;570;1245;Directed;;;1.0
1761;119;132;Directed;;;1.0
1762;119;224;Directed;;;1.0
1763;119;117;Directed;;;1.0
1764;119;225;Directed;;;1.0
1765;490;441;Directed;;;1.0
1766;490;491;Directed;;;1.0
1767;490;492;Directed;;;1.0
1768;490;493;Directed;;;1.0
1769;941;191;Directed;;;1.0
1770;941;248;Directed;;;1.0
1771;941;942;Directed;;;1.0
1772;941;790;Directed;;;1.0
1773;941;943;Directed;;;1.0
1774;941;139;Directed;;;1.0
1775;941;634;Directed;;;1.0
1776;941;944;Directed;;;1.0
1777;778;779;Directed;;;1.0
1778;778;236;Directed;;;1.0
1779;778;1029;Directed;;;1.0
1780;1033;54;Directed;;;1.0
1781;1033;1034;Directed;;;1.0
1782;555;55;Directed;;;1.0
1783;555;556;Directed;;;1.0
1784;555;557;Directed;;;1.0
1785;555;558;Directed;;;1.0
1786;555;559;Directed;;;1.0
1787;938;939;Directed;;;1.0
1788;938;940;Directed;;;1.0
1789;938;954;Directed;;;1.0
1790;938;955;Directed;;;1.0
1791;938;1145;Directed;;;1.0
1792;481;480;Directed;;;1.0
1793;481;482;Directed;;;1.0
1794;481;483;Directed;;;1.0
1795;481;476;Directed;;;1.0
1796;481;117;Directed;;;1.0
1797;481;470;Directed;;;1.0
1798;481;472;Directed;;;1.0
1799;481;484;Directed;;;1.0
1800;385;54;Directed;;;1.0
1801;385;386;Directed;;;1.0
1802;385;53;Directed;;;1.0
1803;380;47;Directed;;;1.0
1804;69;68;Directed;;;1.0
1805;69;70;Directed;;;1.0
1806;1306;114;Directed;;;1.0
1807;1306;1307;Directed;;;1.0
1808;1306;775;Directed;;;1.0
1809;474;473;Directed;;;1.0
1810;474;475;Directed;;;1.0
1811;474;114;Directed;;;1.0
1812;474;476;Directed;;;1.0
1813;474;477;Directed;;;1.0
1814;474;478;Directed;;;1.0
1815;474;479;Directed;;;1.0
1816;474;633;Directed;;;1.0
1817;474;634;Directed;;;1.0
1818;474;137;Directed;;;1.0
1819;474;47;Directed;;;1.0
1820;474;314;Directed;;;1.0
1821;474;59;Directed;;;1.0
1822;474;701;Directed;;;1.0
1823;474;956;Directed;;;1.0
1824;48;134;Directed;;;1.0
1825;48;542;Directed;;;1.0
1826;48;245;Directed;;;1.0
1827;48;963;Directed;;;1.0
1828;48;429;Directed;;;1.0
1829;48;86;Directed;;;1.0
1830;48;164;Directed;;;1.0
1831;48;109;Directed;;;1.0
1832;743;744;Directed;;;1.0
1833;743;745;Directed;;;1.0
1834;743;277;Directed;;;1.0
1835;743;222;Directed;;;1.0
1836;743;746;Directed;;;1.0
1837;743;747;Directed;;;1.0
1838;965;43;Directed;;;1.0
1839;965;966;Directed;;;1.0
1840;965;45;Directed;;;1.0
1841;442;441;Directed;;;1.0
1842;137;136;Directed;;;1.0
1843;137;138;Directed;;;1.0
1844;137;139;Directed;;;1.0
1845;137;140;Directed;;;1.0
1846;137;154;Directed;;;1.0
1847;137;155;Directed;;;1.0
1848;137;156;Directed;;;1.0
1849;137;197;Directed;;;1.0
1850;137;198;Directed;;;1.0
1851;137;202;Directed;;;1.0
1852;137;59;Directed;;;1.0
1853;137;203;Directed;;;1.0
1854;137;248;Directed;;;1.0
1855;137;117;Directed;;;1.0
1856;137;249;Directed;;;1.0
1857;137;474;Directed;;;1.0
1858;137;47;Directed;;;1.0
1859;137;314;Directed;;;1.0
1860;137;701;Directed;;;1.0
1861;137;497;Directed;;;1.0
1862;137;114;Directed;;;1.0
1863;137;1065;Directed;;;1.0
1864;137;224;Directed;;;1.0
1865;137;1066;Directed;;;1.0
1866;137;1067;Directed;;;1.0
1867;137;1068;Directed;;;1.0
1868;137;1069;Directed;;;1.0
1869;137;1070;Directed;;;1.0
1870;137;634;Directed;;;1.0
1871;137;200;Directed;;;1.0
1872;977;978;Directed;;;1.0
1873;977;110;Directed;;;1.0
1874;977;979;Directed;;;1.0
1875;977;980;Directed;;;1.0
1876;958;959;Directed;;;1.0
1877;958;44;Directed;;;1.0
1878;958;45;Directed;;;1.0
1879;208;209;Directed;;;1.0
1880;784;114;Directed;;;1.0
1881;784;785;Directed;;;1.0
1882;784;118;Directed;;;1.0
1883;784;384;Directed;;;1.0
1884;784;155;Directed;;;1.0
1885;784;794;Directed;;;1.0
1886;784;795;Directed;;;1.0
1887;784;197;Directed;;;1.0
1888;283;284;Directed;;;1.0
1889;283;285;Directed;;;1.0
1890;283;286;Directed;;;1.0
1891;283;222;Directed;;;1.0
1892;485;114;Directed;;;1.0
1893;485;248;Directed;;;1.0
1894;485;197;Directed;;;1.0
1895;954;938;Directed;;;1.0
1896;954;955;Directed;;;1.0
1897;986;987;Directed;;;1.0
1898;986;984;Directed;;;1.0
1899;986;985;Directed;;;1.0
1900;54;231;Directed;;;1.0
1901;54;223;Directed;;;1.0
1902;54;53;Directed;;;1.0
1903;54;232;Directed;;;1.0
1904;54;185;Directed;;;1.0
1905;54;385;Directed;;;1.0
1906;54;386;Directed;;;1.0
1907;54;55;Directed;;;1.0
1908;54;426;Directed;;;1.0
1909;54;736;Directed;;;1.0
1910;54;327;Directed;;;1.0
1911;54;814;Directed;;;1.0
1912;54;1033;Directed;;;1.0
1913;54;1034;Directed;;;1.0
1914;54;1242;Directed;;;1.0
1915;815;816;Directed;;;1.0
1916;815;923;Directed;;;1.0
1917;815;924;Directed;;;1.0
1918;815;925;Directed;;;1.0
1919;815;634;Directed;;;1.0
1920;1081;1080;Directed;;;1.0
1921;1081;120;Directed;;;1.0
1922;1081;1082;Directed;;;1.0
1923;325;53;Directed;;;1.0
1924;325;872;Directed;;;1.0
1925;325;873;Directed;;;1.0
1926;325;454;Directed;;;1.0
1927;325;874;Directed;;;1.0
1928;325;875;Directed;;;1.0
1929;325;876;Directed;;;1.0
1930;325;877;Directed;;;1.0
1931;325;878;Directed;;;1.0
1932;325;341;Directed;;;1.0
1933;325;441;Directed;;;1.0
1934;187;188;Directed;;;1.0
1935;187;189;Directed;;;1.0
1936;187;411;Directed;;;1.0
1937;187;415;Directed;;;1.0
1938;187;961;Directed;;;1.0
1939;187;853;Directed;;;1.0
1940;187;772;Directed;;;1.0
1941;187;838;Directed;;;1.0
1942;210;211;Directed;;;1.0
1943;210;212;Directed;;;1.0
1944;210;213;Directed;;;1.0
1945;210;316;Directed;;;1.0
1946;210;317;Directed;;;1.0
1947;36;37;Directed;;;1.0
1948;36;38;Directed;;;1.0
1949;36;39;Directed;;;1.0
1950;475;473;Directed;;;1.0
1951;475;474;Directed;;;1.0
1952;475;114;Directed;;;1.0
1953;475;476;Directed;;;1.0
1954;475;477;Directed;;;1.0
1955;475;478;Directed;;;1.0
1956;475;479;Directed;;;1.0
1957;390;419;Directed;;;1.0
1958;390;420;Directed;;;1.0
1959;390;140;Directed;;;1.0
1960;390;627;Directed;;;1.0
1961;390;793;Directed;;;1.0
1962;796;797;Directed;;;1.0
1963;796;798;Directed;;;1.0
1964;796;414;Directed;;;1.0
1965;796;949;Directed;;;1.0
1966;828;744;Directed;;;1.0
1967;828;829;Directed;;;1.0
1968;969;81;Directed;;;1.0
1969;873;872;Directed;;;1.0
1970;873;325;Directed;;;1.0
1971;873;454;Directed;;;1.0
1972;873;874;Directed;;;1.0
1973;873;875;Directed;;;1.0
1974;873;876;Directed;;;1.0
1975;873;877;Directed;;;1.0
1976;873;878;Directed;;;1.0
1977;873;341;Directed;;;1.0
1978;873;940;Directed;;;1.0
1979;873;991;Directed;;;1.0
1980;114;112;Directed;;;1.0
1981;114;113;Directed;;;1.0
1982;114;115;Directed;;;1.0
1983;114;116;Directed;;;1.0
1984;114;117;Directed;;;1.0
1985;114;118;Directed;;;1.0
1986;114;156;Directed;;;1.0
1987;114;47;Directed;;;1.0
1988;114;181;Directed;;;1.0
1989;114;199;Directed;;;1.0
1990;114;200;Directed;;;1.0
1991;114;201;Directed;;;1.0
1992;114;224;Directed;;;1.0
1993;114;197;Directed;;;1.0
1994;114;334;Directed;;;1.0
1995;114;323;Directed;;;1.0
1996;114;473;Directed;;;1.0
1997;114;474;Directed;;;1.0
1998;114;475;Directed;;;1.0
1999;114;476;Directed;;;1.0
2000;114;477;Directed;;;1.0
2001;114;478;Directed;;;1.0
2002;114;479;Directed;;;1.0
2003;114;485;Directed;;;1.0
2004;114;248;Directed;;;1.0
2005;114;784;Directed;;;1.0
2006;114;785;Directed;;;1.0
2007;114;384;Directed;;;1.0
2008;114;155;Directed;;;1.0
2009;114;794;Directed;;;1.0
2010;114;795;Directed;;;1.0
2011;114;137;Directed;;;1.0
2012;114;912;Directed;;;1.0
2013;114;968;Directed;;;1.0
2014;114;1050;Directed;;;1.0
2015;114;1065;Directed;;;1.0
2016;114;1066;Directed;;;1.0
2017;114;1067;Directed;;;1.0
2018;114;1068;Directed;;;1.0
2019;114;1069;Directed;;;1.0
2020;114;1070;Directed;;;1.0
2021;114;59;Directed;;;1.0
2022;114;634;Directed;;;1.0
2023;114;1132;Directed;;;1.0
2024;114;692;Directed;;;1.0
2025;114;1152;Directed;;;1.0
2026;114;1153;Directed;;;1.0
2027;114;1306;Directed;;;1.0
2028;114;1307;Directed;;;1.0
2029;114;775;Directed;;;1.0
2030;961;187;Directed;;;1.0
2031;961;411;Directed;;;1.0
2032;961;853;Directed;;;1.0
2033;961;772;Directed;;;1.0
2034;42;43;Directed;;;1.0
2035;42;44;Directed;;;1.0
2036;42;45;Directed;;;1.0
2037;42;46;Directed;;;1.0
2038;42;324;Directed;;;1.0
2039;42;607;Directed;;;1.0
2040;1289;822;Directed;;;1.0
2041;122;120;Directed;;;1.0
2042;122;121;Directed;;;1.0
2043;122;123;Directed;;;1.0
2044;122;124;Directed;;;1.0
2045;122;305;Directed;;;1.0
2046;122;1227;Directed;;;1.0
2047;122;1228;Directed;;;1.0
2048;37;36;Directed;;;1.0
2049;37;38;Directed;;;1.0
2050;37;39;Directed;;;1.0
2051;633;474;Directed;;;1.0
2052;633;634;Directed;;;1.0
2053;342;270;Directed;;;1.0
2054;191;192;Directed;;;1.0
2055;191;941;Directed;;;1.0
2056;191;248;Directed;;;1.0
2057;191;942;Directed;;;1.0
2058;191;790;Directed;;;1.0
2059;191;943;Directed;;;1.0
2060;191;139;Directed;;;1.0
2061;191;634;Directed;;;1.0
2062;191;944;Directed;;;1.0
2063;322;53;Directed;;;1.0
2064;974;975;Directed;;;1.0
2065;974;216;Directed;;;1.0
2066;974;266;Directed;;;1.0
2067;974;272;Directed;;;1.0
2068;974;976;Directed;;;1.0
2069;1227;122;Directed;;;1.0
2070;1227;1228;Directed;;;1.0
2071;871;497;Directed;;;1.0
2072;871;782;Directed;;;1.0
2073;482;480;Directed;;;1.0
2074;482;481;Directed;;;1.0
2075;482;483;Directed;;;1.0
2076;482;476;Directed;;;1.0
2077;482;117;Directed;;;1.0
2078;482;470;Directed;;;1.0
2079;482;472;Directed;;;1.0
2080;482;484;Directed;;;1.0
2081;483;480;Directed;;;1.0
2082;483;481;Directed;;;1.0
2083;483;482;Directed;;;1.0
2084;483;476;Directed;;;1.0
2085;483;117;Directed;;;1.0
2086;483;470;Directed;;;1.0
2087;483;472;Directed;;;1.0
2088;483;484;Directed;;;1.0
2089;483;799;Directed;;;1.0
2090;231;54;Directed;;;1.0
2091;231;223;Directed;;;1.0
2092;231;53;Directed;;;1.0
2093;231;232;Directed;;;1.0
2094;616;928;Directed;;;1.0
2095;616;602;Directed;;;1.0
2096;616;526;Directed;;;1.0
2097;616;929;Directed;;;1.0
2098;476;473;Directed;;;1.0
2099;476;474;Directed;;;1.0
2100;476;475;Directed;;;1.0
2101;476;114;Directed;;;1.0
2102;476;477;Directed;;;1.0
2103;476;478;Directed;;;1.0
2104;476;479;Directed;;;1.0
2105;476;480;Directed;;;1.0
2106;476;481;Directed;;;1.0
2107;476;482;Directed;;;1.0
2108;476;483;Directed;;;1.0
2109;476;117;Directed;;;1.0
2110;476;470;Directed;;;1.0
2111;476;472;Directed;;;1.0
2112;476;484;Directed;;;1.0
2113;165;166;Directed;;;1.0
2114;165;167;Directed;;;1.0
2115;165;424;Directed;;;1.0
2116;165;425;Directed;;;1.0
2117;165;607;Directed;;;1.0
2118;702;703;Directed;;;1.0
2119;702;146;Directed;;;1.0
2120;702;401;Directed;;;1.0
2121;702;704;Directed;;;1.0
2122;55;77;Directed;;;1.0
2123;55;78;Directed;;;1.0
2124;55;311;Directed;;;1.0
2125;55;292;Directed;;;1.0
2126;55;312;Directed;;;1.0
2127;55;374;Directed;;;1.0
2128;55;375;Directed;;;1.0
2129;55;376;Directed;;;1.0
2130;55;405;Directed;;;1.0
2131;55;406;Directed;;;1.0
2132;55;54;Directed;;;1.0
2133;55;555;Directed;;;1.0
2134;55;556;Directed;;;1.0
2135;55;557;Directed;;;1.0
2136;55;558;Directed;;;1.0
2137;55;559;Directed;;;1.0
2138;55;560;Directed;;;1.0
2139;55;817;Directed;;;1.0
2140;55;818;Directed;;;1.0
2141;55;819;Directed;;;1.0
2142;55;820;Directed;;;1.0
2143;55;822;Directed;;;1.0
2144;55;888;Directed;;;1.0
2145;55;889;Directed;;;1.0
2146;55;414;Directed;;;1.0
2147;419;390;Directed;;;1.0
2148;419;420;Directed;;;1.0
2149;419;793;Directed;;;1.0
2150;751;752;Directed;;;1.0
2151;751;753;Directed;;;1.0
2152;751;754;Directed;;;1.0
2153;751;30;Directed;;;1.0
2154;751;935;Directed;;;1.0
2155;751;364;Directed;;;1.0
2156;751;68;Directed;;;1.0
2157;751;245;Directed;;;1.0
2158;751;158;Directed;;;1.0
2159;751;1061;Directed;;;1.0
2160;405;55;Directed;;;1.0
2161;405;406;Directed;;;1.0
2162;406;55;Directed;;;1.0
2163;406;405;Directed;;;1.0
2164;1099;1100;Directed;;;1.0
2165;1099;1101;Directed;;;1.0
2166;1099;1102;Directed;;;1.0
2167;1099;203;Directed;;;1.0
2168;882;883;Directed;;;1.0
2169;882;790;Directed;;;1.0
2170;115;112;Directed;;;1.0
2171;115;113;Directed;;;1.0
2172;115;114;Directed;;;1.0
2173;115;116;Directed;;;1.0
2174;115;117;Directed;;;1.0
2175;115;118;Directed;;;1.0
2176;87;30;Directed;;;1.0
2177;87;365;Directed;;;1.0
2178;87;99;Directed;;;1.0
2179;87;80;Directed;;;1.0
2180;87;366;Directed;;;1.0
2181;87;540;Directed;;;1.0
2182;87;541;Directed;;;1.0
2183;87;667;Directed;;;1.0
2184;87;668;Directed;;;1.0
2185;87;669;Directed;;;1.0
2186;87;687;Directed;;;1.0
2187;87;70;Directed;;;1.0
2188;87;887;Directed;;;1.0
2189;87;384;Directed;;;1.0
2190;87;919;Directed;;;1.0
2191;87;736;Directed;;;1.0
2192;87;996;Directed;;;1.0
2193;87;1027;Directed;;;1.0
2194;87;224;Directed;;;1.0
2195;87;1040;Directed;;;1.0
2196;87;236;Directed;;;1.0
2197;87;133;Directed;;;1.0
2198;87;1232;Directed;;;1.0
2199;87;65;Directed;;;1.0
2200;409;407;Directed;;;1.0
2201;409;408;Directed;;;1.0
2202;409;306;Directed;;;1.0
2203;403;402;Directed;;;1.0
2204;403;302;Directed;;;1.0
2205;403;401;Directed;;;1.0
2206;403;404;Directed;;;1.0
2207;284;283;Directed;;;1.0
2208;284;285;Directed;;;1.0
2209;284;286;Directed;;;1.0
2210;284;222;Directed;;;1.0
2211;363;364;Directed;;;1.0
2212;386;385;Directed;;;1.0
2213;386;54;Directed;;;1.0
2214;535;47;Directed;;;1.0
2215;535;536;Directed;;;1.0
2216;467;466;Directed;;;1.0
2217;467;120;Directed;;;1.0
2218;467;239;Directed;;;1.0
2219;467;486;Directed;;;1.0
2220;1082;1080;Directed;;;1.0
2221;1082;120;Directed;;;1.0
2222;1082;1081;Directed;;;1.0
2223;301;302;Directed;;;1.0
2224;301;303;Directed;;;1.0
2225;301;304;Directed;;;1.0
2226;414;796;Directed;;;1.0
2227;414;949;Directed;;;1.0
2228;414;1136;Directed;;;1.0
2229;414;55;Directed;;;1.0
2230;454;453;Directed;;;1.0
2231;454;287;Directed;;;1.0
2232;454;455;Directed;;;1.0
2233;454;456;Directed;;;1.0
2234;454;457;Directed;;;1.0
2235;454;872;Directed;;;1.0
2236;454;325;Directed;;;1.0
2237;454;873;Directed;;;1.0
2238;454;874;Directed;;;1.0
2239;454;875;Directed;;;1.0
2240;454;876;Directed;;;1.0
2241;454;877;Directed;;;1.0
2242;454;878;Directed;;;1.0
2243;454;341;Directed;;;1.0
2244;285;283;Directed;;;1.0
2245;285;284;Directed;;;1.0
2246;285;286;Directed;;;1.0
2247;285;222;Directed;;;1.0
2248;285;287;Directed;;;1.0
2249;285;294;Directed;;;1.0
2250;285;909;Directed;;;1.0
2251;429;48;Directed;;;1.0
2252;429;86;Directed;;;1.0
2253;429;164;Directed;;;1.0
2254;429;109;Directed;;;1.0
2255;429;1020;Directed;;;1.0
2256;429;41;Directed;;;1.0
2257;426;54;Directed;;;1.0
2258;426;736;Directed;;;1.0
2259;902;446;Directed;;;1.0
2260;248;137;Directed;;;1.0
2261;248;117;Directed;;;1.0
2262;248;249;Directed;;;1.0
2263;248;197;Directed;;;1.0
2264;248;485;Directed;;;1.0
2265;248;114;Directed;;;1.0
2266;248;941;Directed;;;1.0
2267;248;191;Directed;;;1.0
2268;248;942;Directed;;;1.0
2269;248;790;Directed;;;1.0
2270;248;943;Directed;;;1.0
2271;248;139;Directed;;;1.0
2272;248;634;Directed;;;1.0
2273;248;944;Directed;;;1.0
2274;1181;45;Directed;;;1.0
2275;888;55;Directed;;;1.0
2276;888;889;Directed;;;1.0
2277;302;301;Directed;;;1.0
2278;302;303;Directed;;;1.0
2279;302;304;Directed;;;1.0
2280;302;402;Directed;;;1.0
2281;302;403;Directed;;;1.0
2282;302;401;Directed;;;1.0
2283;302;404;Directed;;;1.0
2284;302;716;Directed;;;1.0
2285;302;223;Directed;;;1.0
2286;703;702;Directed;;;1.0
2287;703;146;Directed;;;1.0
2288;703;401;Directed;;;1.0
2289;703;704;Directed;;;1.0
2290;703;709;Directed;;;1.0
2291;220;219;Directed;;;1.0
2292;220;270;Directed;;;1.0
2293;220;527;Directed;;;1.0
2294;220;689;Directed;;;1.0
2295;220;384;Directed;;;1.0
2296;306;307;Directed;;;1.0
2297;306;313;Directed;;;1.0
2298;306;407;Directed;;;1.0
2299;306;408;Directed;;;1.0
2300;306;409;Directed;;;1.0
2301;306;290;Directed;;;1.0
2302;306;74;Directed;;;1.0
2303;211;210;Directed;;;1.0
2304;211;212;Directed;;;1.0
2305;211;213;Directed;;;1.0
2306;817;55;Directed;;;1.0
2307;817;818;Directed;;;1.0
2308;817;819;Directed;;;1.0
2309;817;820;Directed;;;1.0
2310;560;55;Directed;;;1.0
2311;560;559;Directed;;;1.0
2312;968;114;Directed;;;1.0
2313;968;1050;Directed;;;1.0
2314;434;38;Directed;;;1.0
2315;434;158;Directed;;;1.0
2316;744;743;Directed;;;1.0
2317;744;745;Directed;;;1.0
2318;744;277;Directed;;;1.0
2319;744;222;Directed;;;1.0
2320;744;746;Directed;;;1.0
2321;744;747;Directed;;;1.0
2322;744;828;Directed;;;1.0
2323;744;829;Directed;;;1.0
2324;874;872;Directed;;;1.0
2325;874;325;Directed;;;1.0
2326;874;873;Directed;;;1.0
2327;874;454;Directed;;;1.0
2328;874;875;Directed;;;1.0
2329;874;876;Directed;;;1.0
2330;874;877;Directed;;;1.0
2331;874;878;Directed;;;1.0
2332;874;341;Directed;;;1.0
2333;448;99;Directed;;;1.0
2334;448;606;Directed;;;1.0
2335;448;607;Directed;;;1.0
2336;448;608;Directed;;;1.0
2337;202;137;Directed;;;1.0
2338;202;59;Directed;;;1.0
2339;202;139;Directed;;;1.0
2340;202;203;Directed;;;1.0
2341;996;87;Directed;;;1.0
2342;523;524;Directed;;;1.0
2343;523;86;Directed;;;1.0
2344;818;55;Directed;;;1.0
2345;818;817;Directed;;;1.0
2346;818;819;Directed;;;1.0
2347;818;820;Directed;;;1.0
2348;875;872;Directed;;;1.0
2349;875;325;Directed;;;1.0
2350;875;873;Directed;;;1.0
2351;875;454;Directed;;;1.0
2352;875;874;Directed;;;1.0
2353;875;876;Directed;;;1.0
2354;875;877;Directed;;;1.0
2355;875;878;Directed;;;1.0
2356;875;341;Directed;;;1.0
2357;959;958;Directed;;;1.0
2358;959;44;Directed;;;1.0
2359;959;45;Directed;;;1.0
2360;1100;1099;Directed;;;1.0
2361;1100;1101;Directed;;;1.0
2362;1100;1102;Directed;;;1.0
2363;1100;203;Directed;;;1.0
2364;305;122;Directed;;;1.0
2365;43;42;Directed;;;1.0
2366;43;44;Directed;;;1.0
2367;43;45;Directed;;;1.0
2368;43;46;Directed;;;1.0
2369;43;965;Directed;;;1.0
2370;43;966;Directed;;;1.0
2371;524;523;Directed;;;1.0
2372;524;86;Directed;;;1.0
2373;116;112;Directed;;;1.0
2374;116;113;Directed;;;1.0
2375;116;114;Directed;;;1.0
2376;116;115;Directed;;;1.0
2377;116;117;Directed;;;1.0
2378;116;118;Directed;;;1.0
2379;117;112;Directed;;;1.0
2380;117;113;Directed;;;1.0
2381;117;114;Directed;;;1.0
2382;117;115;Directed;;;1.0
2383;117;116;Directed;;;1.0
2384;117;118;Directed;;;1.0
2385;117;119;Directed;;;1.0
2386;117;225;Directed;;;1.0
2387;117;137;Directed;;;1.0
2388;117;248;Directed;;;1.0
2389;117;249;Directed;;;1.0
2390;117;197;Directed;;;1.0
2391;117;139;Directed;;;1.0
2392;117;199;Directed;;;1.0
2393;117;384;Directed;;;1.0
2394;117;480;Directed;;;1.0
2395;117;481;Directed;;;1.0
2396;117;482;Directed;;;1.0
2397;117;483;Directed;;;1.0
2398;117;476;Directed;;;1.0
2399;117;470;Directed;;;1.0
2400;117;472;Directed;;;1.0
2401;117;484;Directed;;;1.0
2402;117;670;Directed;;;1.0
2403;117;671;Directed;;;1.0
2404;117;237;Directed;;;1.0
2405;117;201;Directed;;;1.0
2406;691;692;Directed;;;1.0
2407;691;47;Directed;;;1.0
2408;691;693;Directed;;;1.0
2409;691;694;Directed;;;1.0
2410;691;695;Directed;;;1.0
2411;691;884;Directed;;;1.0
2412;692;691;Directed;;;1.0
2413;692;47;Directed;;;1.0
2414;692;693;Directed;;;1.0
2415;692;694;Directed;;;1.0
2416;692;695;Directed;;;1.0
2417;692;114;Directed;;;1.0
2418;692;155;Directed;;;1.0
2419;692;1152;Directed;;;1.0
2420;692;1153;Directed;;;1.0
2421;928;616;Directed;;;1.0
2422;928;602;Directed;;;1.0
2423;928;526;Directed;;;1.0
2424;928;929;Directed;;;1.0
2425;883;882;Directed;;;1.0
2426;883;790;Directed;;;1.0
2427;340;341;Directed;;;1.0
2428;340;858;Directed;;;1.0
2429;384;199;Directed;;;1.0
2430;384;117;Directed;;;1.0
2431;384;197;Directed;;;1.0
2432;384;784;Directed;;;1.0
2433;384;114;Directed;;;1.0
2434;384;155;Directed;;;1.0
2435;384;794;Directed;;;1.0
2436;384;785;Directed;;;1.0
2437;384;795;Directed;;;1.0
2438;384;87;Directed;;;1.0
2439;384;919;Directed;;;1.0
2440;384;736;Directed;;;1.0
2441;384;70;Directed;;;1.0
2442;384;220;Directed;;;1.0
2443;1040;87;Directed;;;1.0
2444;1040;541;Directed;;;1.0
2445;585;86;Directed;;;1.0
2446;1048;1047;Directed;;;1.0
2447;1048;332;Directed;;;1.0
2448;1048;1072;Directed;;;1.0
2449;1048;1053;Directed;;;1.0
2450;1048;1073;Directed;;;1.0
2451;184;185;Directed;;;1.0
2452;184;186;Directed;;;1.0
2453;663;280;Directed;;;1.0
2454;663;236;Directed;;;1.0
2455;331;332;Directed;;;1.0
2456;550;47;Directed;;;1.0
2457;38;36;Directed;;;1.0
2458;38;37;Directed;;;1.0
2459;38;39;Directed;;;1.0
2460;38;434;Directed;;;1.0
2461;38;158;Directed;;;1.0
2462;978;977;Directed;;;1.0
2463;978;110;Directed;;;1.0
2464;978;979;Directed;;;1.0
2465;978;980;Directed;;;1.0
2466;1089;985;Directed;;;1.0
2467;1089;681;Directed;;;1.0
2468;1089;775;Directed;;;1.0
2469;1089;181;Directed;;;1.0
2470;422;423;Directed;;;1.0
2471;212;210;Directed;;;1.0
2472;212;211;Directed;;;1.0
2473;212;213;Directed;;;1.0
2474;86;523;Directed;;;1.0
2475;86;524;Directed;;;1.0
2476;86;585;Directed;;;1.0
2477;86;897;Directed;;;1.0
2478;86;48;Directed;;;1.0
2479;86;429;Directed;;;1.0
2480;86;164;Directed;;;1.0
2481;86;109;Directed;;;1.0
2482;606;448;Directed;;;1.0
2483;606;607;Directed;;;1.0
2484;606;608;Directed;;;1.0
2485;446;447;Directed;;;1.0
2486;446;239;Directed;;;1.0
2487;446;902;Directed;;;1.0
2488;316;210;Directed;;;1.0
2489;316;317;Directed;;;1.0
2490;224;119;Directed;;;1.0
2491;224;114;Directed;;;1.0
2492;224;197;Directed;;;1.0
2493;224;334;Directed;;;1.0
2494;224;775;Directed;;;1.0
2495;224;87;Directed;;;1.0
2496;224;541;Directed;;;1.0
2497;224;1065;Directed;;;1.0
2498;224;137;Directed;;;1.0
2499;224;1066;Directed;;;1.0
2500;224;1067;Directed;;;1.0
2501;224;1068;Directed;;;1.0
2502;224;1069;Directed;;;1.0
2503;224;1070;Directed;;;1.0
2504;224;59;Directed;;;1.0
2505;224;634;Directed;;;1.0
2506;411;65;Directed;;;1.0
2507;411;187;Directed;;;1.0
2508;411;415;Directed;;;1.0
2509;411;416;Directed;;;1.0
2510;411;417;Directed;;;1.0
2511;411;961;Directed;;;1.0
2512;411;853;Directed;;;1.0
2513;411;772;Directed;;;1.0
2514;411;838;Directed;;;1.0
2515;1066;1065;Directed;;;1.0
2516;1066;137;Directed;;;1.0
2517;1066;114;Directed;;;1.0
2518;1066;224;Directed;;;1.0
2519;1066;1067;Directed;;;1.0
2520;1066;1068;Directed;;;1.0
2521;1066;1069;Directed;;;1.0
2522;1066;1070;Directed;;;1.0
2523;1066;59;Directed;;;1.0
2524;1066;634;Directed;;;1.0
2525;280;663;Directed;;;1.0
2526;280;236;Directed;;;1.0
2527;940;938;Directed;;;1.0
2528;940;939;Directed;;;1.0
2529;940;873;Directed;;;1.0
2530;940;991;Directed;;;1.0
2531;238;239;Directed;;;1.0
2532;602;616;Directed;;;1.0
2533;602;928;Directed;;;1.0
2534;602;526;Directed;;;1.0
2535;602;929;Directed;;;1.0
2536;602;364;Directed;;;1.0
2537;602;213;Directed;;;1.0
2538;177;79;Directed;;;1.0
2539;125;121;Directed;;;1.0
2540;125;126;Directed;;;1.0
2541;125;127;Directed;;;1.0
2542;884;691;Directed;;;1.0
2543;540;87;Directed;;;1.0
2544;540;541;Directed;;;1.0
2545;975;974;Directed;;;1.0
2546;975;216;Directed;;;1.0
2547;975;266;Directed;;;1.0
2548;975;272;Directed;;;1.0
2549;975;976;Directed;;;1.0
2550;128;30;Directed;;;1.0
2551;128;99;Directed;;;1.0
2552;128;129;Directed;;;1.0
2553;745;743;Directed;;;1.0
2554;745;744;Directed;;;1.0
2555;745;277;Directed;;;1.0
2556;745;222;Directed;;;1.0
2557;745;746;Directed;;;1.0
2558;745;747;Directed;;;1.0
2559;227;228;Directed;;;1.0
2560;227;229;Directed;;;1.0
2561;227;769;Directed;;;1.0
2562;227;770;Directed;;;1.0
2563;227;771;Directed;;;1.0
2564;227;742;Directed;;;1.0
2565;227;772;Directed;;;1.0
2566;227;773;Directed;;;1.0
2567;227;774;Directed;;;1.0
2568;665;541;Directed;;;1.0
2569;930;130;Directed;;;1.0
2570;960;80;Directed;;;1.0
2571;65;79;Directed;;;1.0
2572;65;80;Directed;;;1.0
2573;65;411;Directed;;;1.0
2574;65;637;Directed;;;1.0
2575;65;786;Directed;;;1.0
2576;65;30;Directed;;;1.0
2577;65;841;Directed;;;1.0
2578;65;842;Directed;;;1.0
2579;65;87;Directed;;;1.0
2580;1078;332;Directed;;;1.0
2581;1078;634;Directed;;;1.0
2582;1072;1048;Directed;;;1.0
2583;1072;1053;Directed;;;1.0
2584;1072;1073;Directed;;;1.0
2585;123;120;Directed;;;1.0
2586;123;121;Directed;;;1.0
2587;123;122;Directed;;;1.0
2588;123;124;Directed;;;1.0
2589;123;45;Directed;;;1.0
2590;124;120;Directed;;;1.0
2591;124;121;Directed;;;1.0
2592;124;122;Directed;;;1.0
2593;124;123;Directed;;;1.0
2594;127;126;Directed;;;1.0
2595;127;125;Directed;;;1.0
2596;228;227;Directed;;;1.0
2597;228;229;Directed;;;1.0
2598;229;227;Directed;;;1.0
2599;229;228;Directed;;;1.0
2600;317;210;Directed;;;1.0
2601;317;316;Directed;;;1.0
2602;477;473;Directed;;;1.0
2603;477;474;Directed;;;1.0
2604;477;475;Directed;;;1.0
2605;477;114;Directed;;;1.0
2606;477;476;Directed;;;1.0
2607;477;478;Directed;;;1.0
2608;477;479;Directed;;;1.0
2609;797;796;Directed;;;1.0
2610;797;798;Directed;;;1.0
2611;797;879;Directed;;;1.0
2612;486;467;Directed;;;1.0
2613;486;239;Directed;;;1.0
2614;1027;87;Directed;;;1.0
2615;216;217;Directed;;;1.0
2616;216;218;Directed;;;1.0
2617;216;974;Directed;;;1.0
2618;216;975;Directed;;;1.0
2619;216;266;Directed;;;1.0
2620;216;272;Directed;;;1.0
2621;216;976;Directed;;;1.0
2622;332;331;Directed;;;1.0
2623;332;1047;Directed;;;1.0
2624;332;1048;Directed;;;1.0
2625;332;1078;Directed;;;1.0
2626;332;634;Directed;;;1.0
2627;556;555;Directed;;;1.0
2628;556;55;Directed;;;1.0
2629;556;557;Directed;;;1.0
2630;556;558;Directed;;;1.0
2631;556;559;Directed;;;1.0
2632;101;146;Directed;;;1.0
2633;101;1051;Directed;;;1.0
2634;146;147;Directed;;;1.0
2635;146;702;Directed;;;1.0
2636;146;703;Directed;;;1.0
2637;146;401;Directed;;;1.0
2638;146;704;Directed;;;1.0
2639;146;709;Directed;;;1.0
2640;146;101;Directed;;;1.0
2641;146;1051;Directed;;;1.0
2642;1238;68;Directed;;;1.0
2643;1232;87;Directed;;;1.0
2644;1136;414;Directed;;;1.0
2645;1303;369;Directed;;;1.0
2646;1303;81;Directed;;;1.0
2647;1303;527;Directed;;;1.0
2648;1303;1304;Directed;;;1.0
2649;1303;1305;Directed;;;1.0
2650;1012;81;Directed;;;1.0
2651;852;853;Directed;;;1.0
2652;526;616;Directed;;;1.0
2653;526;928;Directed;;;1.0
2654;526;602;Directed;;;1.0
2655;526;929;Directed;;;1.0
2656;919;87;Directed;;;1.0
2657;919;384;Directed;;;1.0
2658;919;736;Directed;;;1.0
2659;919;70;Directed;;;1.0
2660;307;306;Directed;;;1.0
2661;491;441;Directed;;;1.0
2662;491;490;Directed;;;1.0
2663;491;492;Directed;;;1.0
2664;491;493;Directed;;;1.0
2665;491;904;Directed;;;1.0
2666;492;441;Directed;;;1.0
2667;492;490;Directed;;;1.0
2668;492;491;Directed;;;1.0
2669;492;493;Directed;;;1.0
2670;470;471;Directed;;;1.0
2671;470;472;Directed;;;1.0
2672;470;480;Directed;;;1.0
2673;470;481;Directed;;;1.0
2674;470;482;Directed;;;1.0
2675;470;483;Directed;;;1.0
2676;470;476;Directed;;;1.0
2677;470;117;Directed;;;1.0
2678;470;484;Directed;;;1.0
2679;374;55;Directed;;;1.0
2680;374;375;Directed;;;1.0
2681;685;110;Directed;;;1.0
2682;685;327;Directed;;;1.0
2683;748;59;Directed;;;1.0
2684;748;192;Directed;;;1.0
2685;471;470;Directed;;;1.0
2686;471;472;Directed;;;1.0
2687;876;872;Directed;;;1.0
2688;876;325;Directed;;;1.0
2689;876;873;Directed;;;1.0
2690;876;454;Directed;;;1.0
2691;876;874;Directed;;;1.0
2692;876;875;Directed;;;1.0
2693;876;877;Directed;;;1.0
2694;876;878;Directed;;;1.0
2695;876;341;Directed;;;1.0
2696;557;555;Directed;;;1.0
2697;557;55;Directed;;;1.0
2698;557;556;Directed;;;1.0
2699;557;558;Directed;;;1.0
2700;557;559;Directed;;;1.0
2701;1228;122;Directed;;;1.0
2702;1228;1227;Directed;;;1.0
2703;558;555;Directed;;;1.0
2704;558;55;Directed;;;1.0
2705;558;556;Directed;;;1.0
2706;558;557;Directed;;;1.0
2707;558;559;Directed;;;1.0
2708;401;402;Directed;;;1.0
2709;401;403;Directed;;;1.0
2710;401;302;Directed;;;1.0
2711;401;404;Directed;;;1.0
2712;401;702;Directed;;;1.0
2713;401;703;Directed;;;1.0
2714;401;146;Directed;;;1.0
2715;401;704;Directed;;;1.0
2716;289;288;Directed;;;1.0
2717;289;290;Directed;;;1.0
2718;289;291;Directed;;;1.0
2719;289;292;Directed;;;1.0
2720;289;293;Directed;;;1.0
2721;502;408;Directed;;;1.0
2722;502;503;Directed;;;1.0
2723;716;302;Directed;;;1.0
2724;76;70;Directed;;;1.0
2725;324;42;Directed;;;1.0
2726;324;45;Directed;;;1.0
2727;324;1208;Directed;;;1.0
2728;185;184;Directed;;;1.0
2729;185;186;Directed;;;1.0
2730;185;54;Directed;;;1.0
2731;185;180;Directed;;;1.0
2732;185;545;Directed;;;1.0
2733;185;880;Directed;;;1.0
2734;947;47;Directed;;;1.0
2735;947;948;Directed;;;1.0
2736;667;87;Directed;;;1.0
2737;667;668;Directed;;;1.0
2738;868;199;Directed;;;1.0
2739;868;364;Directed;;;1.0
2740;47;114;Directed;;;1.0
2741;47;181;Directed;;;1.0
2742;47;235;Directed;;;1.0
2743;47;236;Directed;;;1.0
2744;47;380;Directed;;;1.0
2745;47;535;Directed;;;1.0
2746;47;536;Directed;;;1.0
2747;47;691;Directed;;;1.0
2748;47;692;Directed;;;1.0
2749;47;693;Directed;;;1.0
2750;47;694;Directed;;;1.0
2751;47;695;Directed;;;1.0
2752;47;474;Directed;;;1.0
2753;47;137;Directed;;;1.0
2754;47;314;Directed;;;1.0
2755;47;59;Directed;;;1.0
2756;47;701;Directed;;;1.0
2757;47;742;Directed;;;1.0
2758;47;826;Directed;;;1.0
2760;47;834;Directed;;;1.0
2761;47;795;Directed;;;1.0
2762;47;835;Directed;;;1.0
2763;47;947;Directed;;;1.0
2764;47;948;Directed;;;1.0
2765;47;550;Directed;;;1.0
2766;942;941;Directed;;;1.0
2767;942;191;Directed;;;1.0
2768;942;248;Directed;;;1.0
2769;942;790;Directed;;;1.0
2770;942;943;Directed;;;1.0
2771;942;139;Directed;;;1.0
2772;942;634;Directed;;;1.0
2773;942;944;Directed;;;1.0
2774;982;786;Directed;;;1.0
2775;252;200;Directed;;;1.0
2776;252;253;Directed;;;1.0
2777;252;59;Directed;;;1.0
2778;1067;1065;Directed;;;1.0
2779;1067;137;Directed;;;1.0
2780;1067;114;Directed;;;1.0
2781;1067;224;Directed;;;1.0
2782;1067;1066;Directed;;;1.0
2783;1067;1068;Directed;;;1.0
2784;1067;1069;Directed;;;1.0
2785;1067;1070;Directed;;;1.0
2786;1067;59;Directed;;;1.0
2787;1067;634;Directed;;;1.0
2788;1067;139;Directed;;;1.0
2789;736;54;Directed;;;1.0
2790;736;426;Directed;;;1.0
2791;736;87;Directed;;;1.0
2792;736;384;Directed;;;1.0
2793;736;919;Directed;;;1.0
2794;736;70;Directed;;;1.0
2795;736;1221;Directed;;;1.0
2796;736;140;Directed;;;1.0
2797;742;47;Directed;;;1.0
2798;742;769;Directed;;;1.0
2799;742;770;Directed;;;1.0
2800;742;771;Directed;;;1.0
2801;742;227;Directed;;;1.0
2802;742;772;Directed;;;1.0
2803;742;773;Directed;;;1.0
2804;742;774;Directed;;;1.0
2805;742;1120;Directed;;;1.0
2806;742;1121;Directed;;;1.0
2807;369;370;Directed;;;1.0
2808;369;1303;Directed;;;1.0
2809;369;81;Directed;;;1.0
2810;369;527;Directed;;;1.0
2811;369;1304;Directed;;;1.0
2812;369;1305;Directed;;;1.0
2813;249;137;Directed;;;1.0
2814;249;248;Directed;;;1.0
2815;249;117;Directed;;;1.0
2816;249;197;Directed;;;1.0
2817;1050;114;Directed;;;1.0
2818;1050;968;Directed;;;1.0
2819;110;685;Directed;;;1.0
2820;110;686;Directed;;;1.0
2821;110;327;Directed;;;1.0
2822;110;977;Directed;;;1.0
2823;110;978;Directed;;;1.0
2824;110;979;Directed;;;1.0
2825;110;980;Directed;;;1.0
2826;368;367;Directed;;;1.0
2827;314;474;Directed;;;1.0
2828;314;137;Directed;;;1.0
2829;314;47;Directed;;;1.0
2830;314;59;Directed;;;1.0
2831;314;701;Directed;;;1.0
2832;314;497;Directed;;;1.0
2833;155;154;Directed;;;1.0
2834;155;137;Directed;;;1.0
2835;155;156;Directed;;;1.0
2836;155;784;Directed;;;1.0
2837;155;114;Directed;;;1.0
2838;155;384;Directed;;;1.0
2839;155;794;Directed;;;1.0
2840;155;785;Directed;;;1.0
2841;155;795;Directed;;;1.0
2842;155;197;Directed;;;1.0
2843;155;139;Directed;;;1.0
2844;155;692;Directed;;;1.0
2845;155;1152;Directed;;;1.0
2846;155;1153;Directed;;;1.0
2847;794;784;Directed;;;1.0
2848;794;114;Directed;;;1.0
2849;794;384;Directed;;;1.0
2850;794;155;Directed;;;1.0
2851;794;785;Directed;;;1.0
2852;794;795;Directed;;;1.0
2853;794;197;Directed;;;1.0
2854;670;117;Directed;;;1.0
2855;670;671;Directed;;;1.0
2856;670;237;Directed;;;1.0
2857;670;201;Directed;;;1.0
2858;536;535;Directed;;;1.0
2859;536;47;Directed;;;1.0
2860;607;448;Directed;;;1.0
2861;607;606;Directed;;;1.0
2862;607;608;Directed;;;1.0
2863;607;42;Directed;;;1.0
2864;607;45;Directed;;;1.0
2865;607;165;Directed;;;1.0
2866;607;282;Directed;;;1.0
2867;1091;44;Directed;;;1.0
2868;1091;1092;Directed;;;1.0
2869;245;235;Directed;;;1.0
2870;245;48;Directed;;;1.0
2871;245;68;Directed;;;1.0
2872;245;751;Directed;;;1.0
2873;245;158;Directed;;;1.0
2874;245;1061;Directed;;;1.0
2875;217;216;Directed;;;1.0
2876;217;218;Directed;;;1.0
2877;217;814;Directed;;;1.0
2878;180;185;Directed;;;1.0
2879;287;285;Directed;;;1.0
2880;287;286;Directed;;;1.0
2881;287;222;Directed;;;1.0
2882;287;453;Directed;;;1.0
2883;287;454;Directed;;;1.0
2884;287;455;Directed;;;1.0
2885;287;456;Directed;;;1.0
2886;287;457;Directed;;;1.0
2887;310;292;Directed;;;1.0
2888;455;453;Directed;;;1.0
2889;455;454;Directed;;;1.0
2890;455;287;Directed;;;1.0
2891;455;456;Directed;;;1.0
2892;455;457;Directed;;;1.0
2893;693;691;Directed;;;1.0
2894;693;692;Directed;;;1.0
2895;693;47;Directed;;;1.0
2896;693;694;Directed;;;1.0
2897;693;695;Directed;;;1.0
2898;694;691;Directed;;;1.0
2899;694;692;Directed;;;1.0
2900;694;47;Directed;;;1.0
2901;694;693;Directed;;;1.0
2902;694;695;Directed;;;1.0
2903;819;55;Directed;;;1.0
2904;819;817;Directed;;;1.0
2905;819;818;Directed;;;1.0
2906;819;820;Directed;;;1.0
2907;576;575;Directed;;;1.0
2908;576;577;Directed;;;1.0
2909;576;574;Directed;;;1.0
2910;576;578;Directed;;;1.0
2911;576;579;Directed;;;1.0
2912;1145;938;Directed;;;1.0
2913;200;199;Directed;;;1.0
2914;200;114;Directed;;;1.0
2915;200;201;Directed;;;1.0
2916;200;252;Directed;;;1.0
2917;200;253;Directed;;;1.0
2918;200;59;Directed;;;1.0
2919;200;1025;Directed;;;1.0
2920;200;137;Directed;;;1.0
2921;188;187;Directed;;;1.0
2922;188;189;Directed;;;1.0
2923;376;55;Directed;;;1.0
2924;790;795;Directed;;;1.0
2925;790;836;Directed;;;1.0
2926;790;882;Directed;;;1.0
2927;790;883;Directed;;;1.0
2928;790;941;Directed;;;1.0
2929;790;191;Directed;;;1.0
2930;790;248;Directed;;;1.0
2931;790;942;Directed;;;1.0
2932;790;943;Directed;;;1.0
2933;790;139;Directed;;;1.0
2934;790;634;Directed;;;1.0
2935;790;944;Directed;;;1.0
2936;166;165;Directed;;;1.0
2937;166;167;Directed;;;1.0
2938;81;468;Directed;;;1.0
2939;81;765;Directed;;;1.0
2940;81;570;Directed;;;1.0
2941;81;766;Directed;;;1.0
2942;81;767;Directed;;;1.0
2943;81;969;Directed;;;1.0
2944;81;1003;Directed;;;1.0
2945;81;1012;Directed;;;1.0
2946;81;1245;Directed;;;1.0
2947;81;1303;Directed;;;1.0
2948;81;369;Directed;;;1.0
2949;81;527;Directed;;;1.0
2950;81;1304;Directed;;;1.0
2951;81;1305;Directed;;;1.0
2952;987;986;Directed;;;1.0
2953;987;984;Directed;;;1.0
2954;987;985;Directed;;;1.0
2955;1101;1099;Directed;;;1.0
2956;1101;1100;Directed;;;1.0
2957;1101;1102;Directed;;;1.0
2958;1101;203;Directed;;;1.0
2959;1152;114;Directed;;;1.0
2960;1152;692;Directed;;;1.0
2961;1152;155;Directed;;;1.0
2962;1152;1153;Directed;;;1.0
2963;158;157;Directed;;;1.0
2964;158;434;Directed;;;1.0
2965;158;38;Directed;;;1.0
2966;158;68;Directed;;;1.0
2967;158;751;Directed;;;1.0
2968;158;245;Directed;;;1.0
2969;158;1061;Directed;;;1.0
2970;186;184;Directed;;;1.0
2971;186;185;Directed;;;1.0
2972;186;545;Directed;;;1.0
2973;1130;223;Directed;;;1.0
2974;1130;53;Directed;;;1.0
2975;541;87;Directed;;;1.0
2976;541;540;Directed;;;1.0
2977;541;665;Directed;;;1.0
2978;541;669;Directed;;;1.0
2979;541;224;Directed;;;1.0
2980;541;1040;Directed;;;1.0
2981;375;55;Directed;;;1.0
2982;375;374;Directed;;;1.0
2983;877;872;Directed;;;1.0
2984;877;325;Directed;;;1.0
2985;877;873;Directed;;;1.0
2986;877;454;Directed;;;1.0
2987;877;874;Directed;;;1.0
2988;877;875;Directed;;;1.0
2989;877;876;Directed;;;1.0
2990;877;878;Directed;;;1.0
2991;877;341;Directed;;;1.0
2992;478;473;Directed;;;1.0
2993;478;474;Directed;;;1.0
2994;478;475;Directed;;;1.0
2995;478;114;Directed;;;1.0
2996;478;476;Directed;;;1.0
2997;478;477;Directed;;;1.0
2998;478;479;Directed;;;1.0
2999;785;784;Directed;;;1.0
3000;785;114;Directed;;;1.0
3001;785;118;Directed;;;1.0
3002;785;384;Directed;;;1.0
3003;785;155;Directed;;;1.0
3004;785;794;Directed;;;1.0
3005;785;795;Directed;;;1.0
3006;785;197;Directed;;;1.0
3007;772;769;Directed;;;1.0
3008;772;770;Directed;;;1.0
3009;772;771;Directed;;;1.0
3010;772;227;Directed;;;1.0
3011;772;742;Directed;;;1.0
3012;772;773;Directed;;;1.0
3013;772;774;Directed;;;1.0
3014;772;187;Directed;;;1.0
3015;772;961;Directed;;;1.0
3016;772;411;Directed;;;1.0
3017;772;853;Directed;;;1.0
3018;223;54;Directed;;;1.0
3019;223;231;Directed;;;1.0
3020;223;53;Directed;;;1.0
3021;223;232;Directed;;;1.0
3022;223;464;Directed;;;1.0
3023;223;302;Directed;;;1.0
3024;223;1130;Directed;;;1.0
3025;223;1174;Directed;;;1.0
3026;266;974;Directed;;;1.0
3027;266;975;Directed;;;1.0
3028;266;216;Directed;;;1.0
3029;266;272;Directed;;;1.0
3030;266;976;Directed;;;1.0
3031;671;117;Directed;;;1.0
3032;671;670;Directed;;;1.0
3033;671;237;Directed;;;1.0
3034;671;201;Directed;;;1.0
3035;680;681;Directed;;;1.0
3036;680;682;Directed;;;1.0
3037;237;117;Directed;;;1.0
3038;237;670;Directed;;;1.0
3039;237;671;Directed;;;1.0
3040;237;201;Directed;;;1.0
3041;792;30;Directed;;;1.0
3042;99;100;Directed;;;1.0
3043;99;30;Directed;;;1.0
3044;99;128;Directed;;;1.0
3045;99;129;Directed;;;1.0
3046;99;365;Directed;;;1.0
3047;99;87;Directed;;;1.0
3048;99;80;Directed;;;1.0
3049;99;366;Directed;;;1.0
3050;99;448;Directed;;;1.0
3051;99;239;Directed;;;1.0
3052;527;220;Directed;;;1.0
3053;527;1303;Directed;;;1.0
3054;527;369;Directed;;;1.0
3055;527;81;Directed;;;1.0
3056;527;1304;Directed;;;1.0
3057;527;1305;Directed;;;1.0
3058;897;86;Directed;;;1.0
3059;689;220;Directed;;;1.0
3060;53;54;Directed;;;1.0
3061;53;231;Directed;;;1.0
3062;53;223;Directed;;;1.0
3063;53;232;Directed;;;1.0
3064;53;322;Directed;;;1.0
3065;53;325;Directed;;;1.0
3066;53;385;Directed;;;1.0
3067;53;814;Directed;;;1.0
3068;53;1130;Directed;;;1.0
3069;1174;223;Directed;;;1.0
3070;272;974;Directed;;;1.0
3071;272;975;Directed;;;1.0
3072;272;216;Directed;;;1.0
3073;272;266;Directed;;;1.0
3074;272;976;Directed;;;1.0
3075;924;923;Directed;;;1.0
3076;924;815;Directed;;;1.0
3077;924;925;Directed;;;1.0
3078;924;634;Directed;;;1.0
3079;1069;1065;Directed;;;1.0
3080;1069;137;Directed;;;1.0
3081;1069;114;Directed;;;1.0
3082;1069;224;Directed;;;1.0
3083;1069;1066;Directed;;;1.0
3084;1069;1067;Directed;;;1.0
3085;1069;1068;Directed;;;1.0
3086;1069;1070;Directed;;;1.0
3087;1069;59;Directed;;;1.0
3088;1069;634;Directed;;;1.0
3089;608;448;Directed;;;1.0
3090;608;606;Directed;;;1.0
3091;608;607;Directed;;;1.0
3092;1198;661;Directed;;;1.0
3093;838;187;Directed;;;1.0
3094;838;411;Directed;;;1.0
3095;912;114;Directed;;;1.0
3096;912;118;Directed;;;1.0
3101;834;47;Directed;;;1.0
3103;834;795;Directed;;;1.0
3104;834;835;Directed;;;1.0
3105;795;784;Directed;;;1.0
3106;795;114;Directed;;;1.0
3107;795;384;Directed;;;1.0
3108;795;155;Directed;;;1.0
3109;795;794;Directed;;;1.0
3110;795;785;Directed;;;1.0
3111;795;197;Directed;;;1.0
3112;795;47;Directed;;;1.0
3114;795;834;Directed;;;1.0
3115;795;835;Directed;;;1.0
3116;795;790;Directed;;;1.0
3117;795;836;Directed;;;1.0
3118;810;139;Directed;;;1.0
3119;420;390;Directed;;;1.0
3120;420;419;Directed;;;1.0
3121;420;793;Directed;;;1.0
3122;423;422;Directed;;;1.0
3123;423;463;Directed;;;1.0
3124;423;447;Directed;;;1.0
3125;423;1094;Directed;;;1.0
3126;909;285;Directed;;;1.0
3127;709;703;Directed;;;1.0
3128;709;146;Directed;;;1.0
3129;966;965;Directed;;;1.0
3130;966;43;Directed;;;1.0
3131;966;45;Directed;;;1.0
3132;270;220;Directed;;;1.0
3133;270;342;Directed;;;1.0
3134;215;45;Directed;;;1.0
3135;826;47;Directed;;;1.0
3136;1034;1033;Directed;;;1.0
3137;1034;54;Directed;;;1.0
3138;225;119;Directed;;;1.0
3139;225;117;Directed;;;1.0
3140;201;199;Directed;;;1.0
3141;201;114;Directed;;;1.0
3142;201;200;Directed;;;1.0
3143;201;117;Directed;;;1.0
3144;201;670;Directed;;;1.0
3145;201;671;Directed;;;1.0
3146;201;237;Directed;;;1.0
3147;948;947;Directed;;;1.0
3148;948;47;Directed;;;1.0
3149;829;828;Directed;;;1.0
3150;829;744;Directed;;;1.0
3151;70;68;Directed;;;1.0
3152;70;69;Directed;;;1.0
3153;70;76;Directed;;;1.0
3154;70;87;Directed;;;1.0
3155;70;887;Directed;;;1.0
3156;70;384;Directed;;;1.0
3157;70;919;Directed;;;1.0
3158;70;736;Directed;;;1.0
3159;189;187;Directed;;;1.0
3160;189;188;Directed;;;1.0
3161;189;643;Directed;;;1.0
3162;189;644;Directed;;;1.0
3163;189;130;Directed;;;1.0
3164;189;645;Directed;;;1.0
3165;189;1002;Directed;;;1.0
3166;167;165;Directed;;;1.0
3167;167;166;Directed;;;1.0
3168;553;328;Directed;;;1.0
3169;553;552;Directed;;;1.0
3170;553;554;Directed;;;1.0
3171;943;941;Directed;;;1.0
3172;943;191;Directed;;;1.0
3173;943;248;Directed;;;1.0
3174;943;942;Directed;;;1.0
3175;943;790;Directed;;;1.0
3176;943;139;Directed;;;1.0
3177;943;634;Directed;;;1.0
3178;943;944;Directed;;;1.0
3179;879;797;Directed;;;1.0
3180;1132;114;Directed;;;1.0
3181;953;63;Directed;;;1.0
3182;858;340;Directed;;;1.0
3183;858;1285;Directed;;;1.0
3184;253;252;Directed;;;1.0
3185;253;200;Directed;;;1.0
3186;253;59;Directed;;;1.0
3187;311;55;Directed;;;1.0
3188;311;292;Directed;;;1.0
3189;311;312;Directed;;;1.0
3190;577;575;Directed;;;1.0
3191;577;576;Directed;;;1.0
3192;577;574;Directed;;;1.0
3193;577;578;Directed;;;1.0
3194;577;579;Directed;;;1.0
3195;887;87;Directed;;;1.0
3196;887;70;Directed;;;1.0
3197;290;288;Directed;;;1.0
3198;290;289;Directed;;;1.0
3199;290;291;Directed;;;1.0
3200;290;292;Directed;;;1.0
3201;290;293;Directed;;;1.0
3202;290;306;Directed;;;1.0
3203;290;74;Directed;;;1.0
3204;286;283;Directed;;;1.0
3205;286;284;Directed;;;1.0
3206;286;285;Directed;;;1.0
3207;286;222;Directed;;;1.0
3208;286;287;Directed;;;1.0
3209;277;743;Directed;;;1.0
3210;277;744;Directed;;;1.0
3211;277;745;Directed;;;1.0
3212;277;222;Directed;;;1.0
3213;277;746;Directed;;;1.0
3214;277;747;Directed;;;1.0
3215;222;283;Directed;;;1.0
3216;222;284;Directed;;;1.0
3217;222;285;Directed;;;1.0
3218;222;286;Directed;;;1.0
3219;222;287;Directed;;;1.0
3220;222;743;Directed;;;1.0
3221;222;744;Directed;;;1.0
3222;222;745;Directed;;;1.0
3223;222;277;Directed;;;1.0
3224;222;746;Directed;;;1.0
3225;222;747;Directed;;;1.0
3226;222;131;Directed;;;1.0
3227;746;743;Directed;;;1.0
3228;746;744;Directed;;;1.0
3229;746;745;Directed;;;1.0
3230;746;277;Directed;;;1.0
3231;746;222;Directed;;;1.0
3232;746;747;Directed;;;1.0
3233;1070;1065;Directed;;;1.0
3234;1070;137;Directed;;;1.0
3235;1070;114;Directed;;;1.0
3236;1070;224;Directed;;;1.0
3237;1070;1066;Directed;;;1.0
3238;1070;1067;Directed;;;1.0
3239;1070;1068;Directed;;;1.0
3240;1070;1069;Directed;;;1.0
3241;1070;59;Directed;;;1.0
3242;1070;634;Directed;;;1.0
3243;1070;139;Directed;;;1.0
3244;197;137;Directed;;;1.0
3245;197;198;Directed;;;1.0
3246;197;248;Directed;;;1.0
3247;197;117;Directed;;;1.0
3248;197;249;Directed;;;1.0
3249;197;114;Directed;;;1.0
3250;197;224;Directed;;;1.0
3251;197;334;Directed;;;1.0
3252;197;199;Directed;;;1.0
3253;197;384;Directed;;;1.0
3254;197;485;Directed;;;1.0
3255;197;784;Directed;;;1.0
3256;197;155;Directed;;;1.0
3257;197;794;Directed;;;1.0
3258;197;785;Directed;;;1.0
3259;197;795;Directed;;;1.0
3260;752;751;Directed;;;1.0
3261;752;753;Directed;;;1.0
3262;752;754;Directed;;;1.0
3263;59;137;Directed;;;1.0
3264;59;202;Directed;;;1.0
3265;59;139;Directed;;;1.0
3266;59;203;Directed;;;1.0
3267;59;252;Directed;;;1.0
3268;59;200;Directed;;;1.0
3269;59;253;Directed;;;1.0
3270;59;474;Directed;;;1.0
3271;59;47;Directed;;;1.0
3272;59;314;Directed;;;1.0
3273;59;701;Directed;;;1.0
3274;59;748;Directed;;;1.0
3275;59;192;Directed;;;1.0
3276;59;1025;Directed;;;1.0
3277;59;1065;Directed;;;1.0
3278;59;114;Directed;;;1.0
3279;59;224;Directed;;;1.0
3280;59;1066;Directed;;;1.0
3281;59;1067;Directed;;;1.0
3282;59;1068;Directed;;;1.0
3283;59;1069;Directed;;;1.0
3284;59;1070;Directed;;;1.0
3285;59;634;Directed;;;1.0
3286;198;137;Directed;;;1.0
3287;198;197;Directed;;;1.0
3288;984;985;Directed;;;1.0
3289;984;986;Directed;;;1.0
3290;984;987;Directed;;;1.0
3291;976;974;Directed;;;1.0
3292;976;975;Directed;;;1.0
3293;976;216;Directed;;;1.0
3294;976;266;Directed;;;1.0
3295;976;272;Directed;;;1.0
3296;773;769;Directed;;;1.0
3297;773;770;Directed;;;1.0
3298;773;771;Directed;;;1.0
3299;773;227;Directed;;;1.0
3300;773;742;Directed;;;1.0
3301;773;772;Directed;;;1.0
3302;773;774;Directed;;;1.0
3303;799;483;Directed;;;1.0
3304;955;938;Directed;;;1.0
3305;955;954;Directed;;;1.0
3306;364;363;Directed;;;1.0
3307;364;199;Directed;;;1.0
3308;364;868;Directed;;;1.0
3309;364;751;Directed;;;1.0
3310;364;602;Directed;;;1.0
3311;364;213;Directed;;;1.0
3312;1304;1303;Directed;;;1.0
3313;1304;369;Directed;;;1.0
3314;1304;81;Directed;;;1.0
3315;1304;527;Directed;;;1.0
3316;1304;1305;Directed;;;1.0
3317;1015;417;Directed;;;1.0
3318;1015;1016;Directed;;;1.0
3319;911;640;Directed;;;1.0
3320;889;55;Directed;;;1.0
3321;889;888;Directed;;;1.0
3322;138;136;Directed;;;1.0
3323;138;137;Directed;;;1.0
3324;138;139;Directed;;;1.0
3325;138;140;Directed;;;1.0
3326;341;340;Directed;;;1.0
3327;341;872;Directed;;;1.0
3328;341;325;Directed;;;1.0
3329;341;873;Directed;;;1.0
3330;341;454;Directed;;;1.0
3331;341;874;Directed;;;1.0
3332;341;875;Directed;;;1.0
3333;341;876;Directed;;;1.0
3334;341;877;Directed;;;1.0
3335;341;878;Directed;;;1.0
3336;1025;200;Directed;;;1.0
3337;1025;59;Directed;;;1.0
3338;472;470;Directed;;;1.0
3339;472;471;Directed;;;1.0
3340;472;480;Directed;;;1.0
3341;472;481;Directed;;;1.0
3342;472;482;Directed;;;1.0
3343;472;483;Directed;;;1.0
3344;472;476;Directed;;;1.0
3345;472;117;Directed;;;1.0
3346;472;484;Directed;;;1.0
3347;985;984;Directed;;;1.0
3348;985;986;Directed;;;1.0
3349;985;987;Directed;;;1.0
3350;985;1089;Directed;;;1.0
3351;985;681;Directed;;;1.0
3352;985;775;Directed;;;1.0
3353;985;181;Directed;;;1.0
3354;935;30;Directed;;;1.0
3355;935;751;Directed;;;1.0
3356;695;691;Directed;;;1.0
3357;695;692;Directed;;;1.0
3358;695;47;Directed;;;1.0
3359;695;693;Directed;;;1.0
3360;695;694;Directed;;;1.0
3361;1208;324;Directed;;;1.0
3362;1208;45;Directed;;;1.0
3363;334;114;Directed;;;1.0
3364;334;224;Directed;;;1.0
3365;334;197;Directed;;;1.0
3366;574;226;Directed;;;1.0
3367;574;575;Directed;;;1.0
3368;574;576;Directed;;;1.0
3369;574;577;Directed;;;1.0
3370;574;578;Directed;;;1.0
3371;574;579;Directed;;;1.0
3372;842;30;Directed;;;1.0
3373;842;841;Directed;;;1.0
3374;842;65;Directed;;;1.0
3375;235;47;Directed;;;1.0
3376;235;236;Directed;;;1.0
3377;235;245;Directed;;;1.0
3378;235;68;Directed;;;1.0
3379;235;661;Directed;;;1.0
3380;1307;1306;Directed;;;1.0
3381;1307;114;Directed;;;1.0
3382;1307;775;Directed;;;1.0
3383;681;680;Directed;;;1.0
3384;681;682;Directed;;;1.0
3385;681;1089;Directed;;;1.0
3386;681;985;Directed;;;1.0
3387;681;775;Directed;;;1.0
3388;681;181;Directed;;;1.0
3389;192;191;Directed;;;1.0
3390;192;748;Directed;;;1.0
3391;192;59;Directed;;;1.0
3392;766;765;Directed;;;1.0
3393;766;570;Directed;;;1.0
3394;766;81;Directed;;;1.0
3395;766;767;Directed;;;1.0
3396;79;65;Directed;;;1.0
3397;79;80;Directed;;;1.0
3398;79;177;Directed;;;1.0
3399;1270;367;Directed;;;1.0
3400;1270;640;Directed;;;1.0
3401;929;616;Directed;;;1.0
3402;929;928;Directed;;;1.0
3403;929;602;Directed;;;1.0
3404;929;526;Directed;;;1.0
3405;774;769;Directed;;;1.0
3406;774;770;Directed;;;1.0
3407;774;771;Directed;;;1.0
3408;774;227;Directed;;;1.0
3409;774;742;Directed;;;1.0
3410;774;772;Directed;;;1.0
3411;774;773;Directed;;;1.0
3412;139;136;Directed;;;1.0
3413;139;137;Directed;;;1.0
3414;139;138;Directed;;;1.0
3415;139;140;Directed;;;1.0
3416;139;202;Directed;;;1.0
3417;139;59;Directed;;;1.0
3418;139;203;Directed;;;1.0
3419;139;117;Directed;;;1.0
3420;139;810;Directed;;;1.0
3421;139;941;Directed;;;1.0
3422;139;191;Directed;;;1.0
3423;139;248;Directed;;;1.0
3424;139;942;Directed;;;1.0
3425;139;790;Directed;;;1.0
3426;139;943;Directed;;;1.0
3427;139;634;Directed;;;1.0
3428;139;944;Directed;;;1.0
3429;139;155;Directed;;;1.0
3430;139;1067;Directed;;;1.0
3431;139;1070;Directed;;;1.0
3432;1305;1303;Directed;;;1.0
3433;1305;369;Directed;;;1.0
3434;1305;81;Directed;;;1.0
3435;1305;527;Directed;;;1.0
3436;1305;1304;Directed;;;1.0
3437;313;306;Directed;;;1.0
3438;786;65;Directed;;;1.0
3439;786;982;Directed;;;1.0
3440;578;575;Directed;;;1.0
3441;578;576;Directed;;;1.0
3442;578;577;Directed;;;1.0
3443;578;574;Directed;;;1.0
3444;578;579;Directed;;;1.0
3445;1020;429;Directed;;;1.0
3446;1020;109;Directed;;;1.0
3447;880;185;Directed;;;1.0
3448;668;87;Directed;;;1.0
3449;668;667;Directed;;;1.0
3450;775;224;Directed;;;1.0
3451;775;1089;Directed;;;1.0
3452;775;985;Directed;;;1.0
3453;775;681;Directed;;;1.0
3454;775;181;Directed;;;1.0
3455;775;1306;Directed;;;1.0
3456;775;114;Directed;;;1.0
3457;775;1307;Directed;;;1.0
3458;851;45;Directed;;;1.0
3459;45;42;Directed;;;1.0
3460;45;43;Directed;;;1.0
3461;45;44;Directed;;;1.0
3462;45;46;Directed;;;1.0
3463;45;324;Directed;;;1.0
3464;45;851;Directed;;;1.0
3465;45;215;Directed;;;1.0
3466;45;958;Directed;;;1.0
3467;45;959;Directed;;;1.0
3468;45;965;Directed;;;1.0
3469;45;966;Directed;;;1.0
3470;45;123;Directed;;;1.0
3471;45;607;Directed;;;1.0
3472;45;822;Directed;;;1.0
3473;45;1181;Directed;;;1.0
3474;45;1208;Directed;;;1.0
3475;956;474;Directed;;;1.0
3476;767;765;Directed;;;1.0
3477;767;570;Directed;;;1.0
3478;767;81;Directed;;;1.0
3479;767;766;Directed;;;1.0
3480;497;137;Directed;;;1.0
3481;497;314;Directed;;;1.0
3482;497;871;Directed;;;1.0
3483;497;782;Directed;;;1.0
3484;236;47;Directed;;;1.0
3485;236;235;Directed;;;1.0
3486;236;663;Directed;;;1.0
3487;236;280;Directed;;;1.0
3488;236;778;Directed;;;1.0
3489;236;779;Directed;;;1.0
3490;236;87;Directed;;;1.0
3491;236;133;Directed;;;1.0
3492;962;41;Directed;;;1.0
3493;963;48;Directed;;;1.0
3494;493;441;Directed;;;1.0
3495;493;490;Directed;;;1.0
3496;493;491;Directed;;;1.0
3497;493;492;Directed;;;1.0
3498;493;904;Directed;;;1.0
3499;904;491;Directed;;;1.0
3500;904;493;Directed;;;1.0
3501;232;54;Directed;;;1.0
3502;232;231;Directed;;;1.0
3503;232;223;Directed;;;1.0
3504;232;53;Directed;;;1.0
3505;793;390;Directed;;;1.0
3506;793;419;Directed;;;1.0
3507;793;420;Directed;;;1.0
3508;323;114;Directed;;;1.0
3509;484;480;Directed;;;1.0
3510;484;481;Directed;;;1.0
3511;484;482;Directed;;;1.0
3512;484;483;Directed;;;1.0
3513;484;476;Directed;;;1.0
3514;484;117;Directed;;;1.0
3515;484;470;Directed;;;1.0
3516;484;472;Directed;;;1.0
3517;1120;742;Directed;;;1.0
3518;1120;1121;Directed;;;1.0
3519;605;140;Directed;;;1.0
3520;366;30;Directed;;;1.0
3521;366;365;Directed;;;1.0
3522;366;87;Directed;;;1.0
3523;366;99;Directed;;;1.0
3524;366;80;Directed;;;1.0
3525;130;30;Directed;;;1.0
3526;130;120;Directed;;;1.0
3527;130;643;Directed;;;1.0
3528;130;644;Directed;;;1.0
3529;130;189;Directed;;;1.0
3530;130;645;Directed;;;1.0
3531;130;930;Directed;;;1.0
3532;836;790;Directed;;;1.0
3533;836;795;Directed;;;1.0
3534;129;30;Directed;;;1.0
3535;129;128;Directed;;;1.0
3536;129;99;Directed;;;1.0
3537;645;643;Directed;;;1.0
3538;645;644;Directed;;;1.0
3539;645;189;Directed;;;1.0
3540;645;130;Directed;;;1.0
3541;820;55;Directed;;;1.0
3542;820;817;Directed;;;1.0
3543;820;818;Directed;;;1.0
3544;820;819;Directed;;;1.0
3545;1051;101;Directed;;;1.0
3546;1051;146;Directed;;;1.0
3547;1061;68;Directed;;;1.0
3548;1061;751;Directed;;;1.0
3549;1061;245;Directed;;;1.0
3550;1061;158;Directed;;;1.0
3551;63;62;Directed;;;1.0
3552;63;209;Directed;;;1.0
3553;63;779;Directed;;;1.0
3554;63;953;Directed;;;1.0
3555;1153;114;Directed;;;1.0
3556;1153;692;Directed;;;1.0
3557;1153;155;Directed;;;1.0
3558;1153;1152;Directed;;;1.0
3559;415;187;Directed;;;1.0
3560;415;411;Directed;;;1.0
3561;456;453;Directed;;;1.0
3562;456;454;Directed;;;1.0
3563;456;287;Directed;;;1.0
3564;456;455;Directed;;;1.0
3565;456;457;Directed;;;1.0
3566;979;977;Directed;;;1.0
3567;979;978;Directed;;;1.0
3568;979;110;Directed;;;1.0
3569;979;980;Directed;;;1.0
3570;1221;736;Directed;;;1.0
3571;1221;140;Directed;;;1.0
3572;563;203;Directed;;;1.0
3573;404;402;Directed;;;1.0
3574;404;403;Directed;;;1.0
3575;404;302;Directed;;;1.0
3576;404;401;Directed;;;1.0
3577;291;288;Directed;;;1.0
3578;291;289;Directed;;;1.0
3579;291;290;Directed;;;1.0
3580;291;292;Directed;;;1.0
3581;291;293;Directed;;;1.0
3582;991;873;Directed;;;1.0
3583;991;940;Directed;;;1.0
3584;579;575;Directed;;;1.0
3585;579;576;Directed;;;1.0
3586;579;577;Directed;;;1.0
3587;579;574;Directed;;;1.0
3588;579;578;Directed;;;1.0
3589;640;911;Directed;;;1.0
3590;640;367;Directed;;;1.0
3591;640;1270;Directed;;;1.0
3592;109;48;Directed;;;1.0
3593;109;429;Directed;;;1.0
3594;109;86;Directed;;;1.0
3595;109;164;Directed;;;1.0
3596;109;1020;Directed;;;1.0
3597;109;41;Directed;;;1.0
3598;140;136;Directed;;;1.0
3599;140;137;Directed;;;1.0
3600;140;138;Directed;;;1.0
3601;140;139;Directed;;;1.0
3602;140;390;Directed;;;1.0
3603;140;605;Directed;;;1.0
3604;140;367;Directed;;;1.0
3605;140;736;Directed;;;1.0
3606;140;1221;Directed;;;1.0
3607;213;210;Directed;;;1.0
3608;213;211;Directed;;;1.0
3609;213;212;Directed;;;1.0
3610;213;602;Directed;;;1.0
3611;213;364;Directed;;;1.0
3612;503;408;Directed;;;1.0
3613;503;502;Directed;;;1.0
3614;74;306;Directed;;;1.0
3615;74;290;Directed;;;1.0
3616;74;1148;Directed;;;1.0
3617;132;119;Directed;;;1.0
3618;46;42;Directed;;;1.0
3619;46;43;Directed;;;1.0
3620;46;44;Directed;;;1.0
3621;46;45;Directed;;;1.0
3622;292;288;Directed;;;1.0
3623;292;289;Directed;;;1.0
3624;292;290;Directed;;;1.0
3625;292;291;Directed;;;1.0
3626;292;293;Directed;;;1.0
3627;292;310;Directed;;;1.0
3628;292;55;Directed;;;1.0
3629;292;311;Directed;;;1.0
3630;292;312;Directed;;;1.0
3631;701;474;Directed;;;1.0
3632;701;137;Directed;;;1.0
3633;701;47;Directed;;;1.0
3634;701;314;Directed;;;1.0
3635;701;59;Directed;;;1.0
3636;100;99;Directed;;;1.0
3637;370;369;Directed;;;1.0
3638;753;751;Directed;;;1.0
3639;753;752;Directed;;;1.0
3640;753;754;Directed;;;1.0
3641;424;165;Directed;;;1.0
3642;424;425;Directed;;;1.0
3643;554;328;Directed;;;1.0
3644;554;552;Directed;;;1.0
3645;554;553;Directed;;;1.0
3646;133;87;Directed;;;1.0
3647;133;236;Directed;;;1.0
3648;39;36;Directed;;;1.0
3649;39;37;Directed;;;1.0
3650;39;38;Directed;;;1.0
3651;754;751;Directed;;;1.0
3652;754;752;Directed;;;1.0
3653;754;753;Directed;;;1.0
3654;156;154;Directed;;;1.0
3655;156;137;Directed;;;1.0
3656;156;155;Directed;;;1.0
3657;156;114;Directed;;;1.0
3658;78;77;Directed;;;1.0
3659;78;55;Directed;;;1.0
3660;78;327;Directed;;;1.0
3661;78;328;Directed;;;1.0
3662;479;473;Directed;;;1.0
3663;479;474;Directed;;;1.0
3664;479;475;Directed;;;1.0
3665;479;114;Directed;;;1.0
3666;479;476;Directed;;;1.0
3667;479;477;Directed;;;1.0
3668;479;478;Directed;;;1.0
3669;682;680;Directed;;;1.0
3670;682;681;Directed;;;1.0
3671;447;446;Directed;;;1.0
3672;447;239;Directed;;;1.0
3673;447;423;Directed;;;1.0
3674;447;1094;Directed;;;1.0
3675;239;238;Directed;;;1.0
3676;239;446;Directed;;;1.0
3677;239;447;Directed;;;1.0
3678;239;466;Directed;;;1.0
3679;239;467;Directed;;;1.0
3680;239;486;Directed;;;1.0
3681;239;99;Directed;;;1.0
3682;634;474;Directed;;;1.0
3683;634;633;Directed;;;1.0
3684;634;923;Directed;;;1.0
3685;634;815;Directed;;;1.0
3686;634;924;Directed;;;1.0
3687;634;925;Directed;;;1.0
3688;634;941;Directed;;;1.0
3689;634;191;Directed;;;1.0
3690;634;248;Directed;;;1.0
3691;634;942;Directed;;;1.0
3692;634;790;Directed;;;1.0
3693;634;943;Directed;;;1.0
3694;634;139;Directed;;;1.0
3695;634;944;Directed;;;1.0
3696;634;1065;Directed;;;1.0
3697;634;137;Directed;;;1.0
3698;634;114;Directed;;;1.0
3699;634;224;Directed;;;1.0
3700;634;1066;Directed;;;1.0
3701;634;1067;Directed;;;1.0
3702;634;1068;Directed;;;1.0
3703;634;1069;Directed;;;1.0
3704;634;1070;Directed;;;1.0
3705;634;59;Directed;;;1.0
3706;634;1078;Directed;;;1.0
3707;634;332;Directed;;;1.0
3708;218;216;Directed;;;1.0
3709;218;217;Directed;;;1.0
3710;781;782;Directed;;;1.0
3711;303;301;Directed;;;1.0
3712;303;302;Directed;;;1.0
3713;303;304;Directed;;;1.0
3714;304;301;Directed;;;1.0
3715;304;302;Directed;;;1.0
3716;304;303;Directed;;;1.0
3717;816;815;Directed;;;1.0
3718;118;112;Directed;;;1.0
3719;118;113;Directed;;;1.0
3720;118;114;Directed;;;1.0
3721;118;115;Directed;;;1.0
3722;118;116;Directed;;;1.0
3723;118;117;Directed;;;1.0
3724;118;784;Directed;;;1.0
3725;118;785;Directed;;;1.0
3726;118;912;Directed;;;1.0
3727;704;702;Directed;;;1.0
3728;704;703;Directed;;;1.0
3729;704;146;Directed;;;1.0
3730;704;401;Directed;;;1.0
3731;131;222;Directed;;;1.0
3732;822;55;Directed;;;1.0
3733;822;45;Directed;;;1.0
3734;822;1289;Directed;;;1.0
3735;1121;742;Directed;;;1.0
3736;1121;1120;Directed;;;1.0
3737;747;743;Directed;;;1.0
3738;747;744;Directed;;;1.0
3739;747;745;Directed;;;1.0
3740;747;277;Directed;;;1.0
3741;747;222;Directed;;;1.0
3742;747;746;Directed;;;1.0
3743;944;941;Directed;;;1.0
3744;944;191;Directed;;;1.0
3745;944;248;Directed;;;1.0
3746;944;942;Directed;;;1.0
3747;944;790;Directed;;;1.0
3748;944;943;Directed;;;1.0
3749;944;139;Directed;;;1.0
3750;944;634;Directed;;;1.0
3751;226;574;Directed;;;1.0
3752;226;402;Directed;;;1.0
3753;627;390;Directed;;;1.0
3754;463;423;Directed;;;1.0
3755;1092;44;Directed;;;1.0
3756;1092;1091;Directed;;;1.0
3757;559;555;Directed;;;1.0
3758;559;55;Directed;;;1.0
3759;559;556;Directed;;;1.0
3760;559;557;Directed;;;1.0
3761;559;558;Directed;;;1.0
3762;559;560;Directed;;;1.0
3763;181;114;Directed;;;1.0
3764;181;47;Directed;;;1.0
3765;181;1089;Directed;;;1.0
3766;181;985;Directed;;;1.0
3767;181;681;Directed;;;1.0
3768;181;775;Directed;;;1.0
3769;417;416;Directed;;;1.0
3770;417;411;Directed;;;1.0
3771;417;1015;Directed;;;1.0
3772;417;1016;Directed;;;1.0
3773;782;781;Directed;;;1.0
3774;782;871;Directed;;;1.0
3775;782;497;Directed;;;1.0
3776;782;856;Directed;;;1.0
3777;293;288;Directed;;;1.0
3778;293;289;Directed;;;1.0
3779;293;290;Directed;;;1.0
3780;293;291;Directed;;;1.0
3781;293;292;Directed;;;1.0
3782;1102;1099;Directed;;;1.0
3783;1102;1100;Directed;;;1.0
3784;1102;1101;Directed;;;1.0
3785;1102;203;Directed;;;1.0
3786;464;223;Directed;;;1.0
3787;835;47;Directed;;;1.0
3789;835;834;Directed;;;1.0
3790;835;795;Directed;;;1.0
3791;1029;778;Directed;;;1.0
3792;457;453;Directed;;;1.0
3793;457;454;Directed;;;1.0
3794;457;287;Directed;;;1.0
3795;457;455;Directed;;;1.0
3796;457;456;Directed;;;1.0
3797;312;55;Directed;;;1.0
3798;312;311;Directed;;;1.0
3799;312;292;Directed;;;1.0
3800;425;165;Directed;;;1.0
3801;425;424;Directed;;;1.0
3802;203;137;Directed;;;1.0
3803;203;202;Directed;;;1.0
3804;203;59;Directed;;;1.0
3805;203;139;Directed;;;1.0
3806;203;563;Directed;;;1.0
3807;203;1099;Directed;;;1.0
3808;203;1100;Directed;;;1.0
3809;203;1101;Directed;;;1.0
3810;203;1102;Directed;;;1.0
3811;1094;423;Directed;;;1.0
3812;1094;447;Directed;;;1.0
3813;798;796;Directed;;;1.0
3814;798;797;Directed;;;1.0
3815;1242;54;Directed;;;1.0
3816;1016;1015;Directed;;;1.0
3817;1016;417;Directed;;;1.0
3818;949;796;Directed;;;1.0
3819;949;414;Directed;;;1.0
3820;769;770;Directed;;;1.0
3821;769;771;Directed;;;1.0
3822;769;227;Directed;;;1.0
3823;769;742;Directed;;;1.0
3824;769;772;Directed;;;1.0
3825;769;773;Directed;;;1.0
3826;769;774;Directed;;;1.0
3827;1065;137;Directed;;;1.0
3828;1065;114;Directed;;;1.0
3829;1065;224;Directed;;;1.0
3830;1065;1066;Directed;;;1.0
3831;1065;1067;Directed;;;1.0
3832;1065;1068;Directed;;;1.0
3833;1065;1069;Directed;;;1.0
3834;1065;1070;Directed;;;1.0
3835;1065;59;Directed;;;1.0
3836;1065;634;Directed;;;1.0
3837;294;285;Directed;;;1.0
3838;1047;1048;Directed;;;1.0
3839;1047;332;Directed;;;1.0
3840;939;938;Directed;;;1.0
3841;939;940;Directed;;;1.0
3842;771;769;Directed;;;1.0
3843;771;770;Directed;;;1.0
3844;771;227;Directed;;;1.0
3845;771;742;Directed;;;1.0
3846;771;772;Directed;;;1.0
3847;771;773;Directed;;;1.0
3848;771;774;Directed;;;1.0
3849;814;54;Directed;;;1.0
3850;814;53;Directed;;;1.0
3851;814;217;Directed;;;1.0
3852;841;30;Directed;;;1.0
3853;841;65;Directed;;;1.0
3854;841;842;Directed;;;1.0
3855;1003;81;Directed;;;1.0
3856;552;328;Directed;;;1.0
3857;552;553;Directed;;;1.0
3858;552;554;Directed;;;1.0
3859;44;42;Directed;;;1.0
3860;44;43;Directed;;;1.0
3861;44;45;Directed;;;1.0
3862;44;46;Directed;;;1.0
3863;44;958;Directed;;;1.0
3864;44;959;Directed;;;1.0
3865;44;1091;Directed;;;1.0
3866;44;1092;Directed;;;1.0
3867;853;852;Directed;;;1.0
3868;853;187;Directed;;;1.0
3869;853;961;Directed;;;1.0
3870;853;411;Directed;;;1.0
3871;853;772;Directed;;;1.0
3872;669;87;Directed;;;1.0
3873;669;541;Directed;;;1.0
3874;687;87;Directed;;;1.0
3875;925;923;Directed;;;1.0
3876;925;815;Directed;;;1.0
3877;925;924;Directed;;;1.0
3878;925;634;Directed;;;1.0
3879;1053;1048;Directed;;;1.0
3880;1053;1072;Directed;;;1.0
3881;1053;1073;Directed;;;1.0
3882;1073;1048;Directed;;;1.0
3883;1073;1072;Directed;;;1.0
3884;1073;1053;Directed;;;1.0
3885;980;977;Directed;;;1.0
3886;980;978;Directed;;;1.0
3887;980;110;Directed;;;1.0
3888;980;979;Directed;;;1.0
3889;209;208;Directed;;;1.0
3890;209;63;Directed;;;1.0
3891;1068;1065;Directed;;;1.0
3892;1068;137;Directed;;;1.0
3893;1068;114;Directed;;;1.0
3894;1068;224;Directed;;;1.0
3895;1068;1066;Directed;;;1.0
3896;1068;1067;Directed;;;1.0
3897;1068;1069;Directed;;;1.0
3898;1068;1070;Directed;;;1.0
3899;1068;59;Directed;;;1.0
3900;1068;634;Directed;;;1.0
3901;878;872;Directed;;;1.0
3902;878;325;Directed;;;1.0
3903;878;873;Directed;;;1.0
3904;878;454;Directed;;;1.0
3905;878;874;Directed;;;1.0
3906;878;875;Directed;;;1.0
3907;878;876;Directed;;;1.0
3908;878;877;Directed;;;1.0
3909;878;341;Directed;;;1.0
3910;147;146;Directed;;;1.0
3911;164;48;Directed;;;1.0
3912;164;429;Directed;;;1.0
3913;164;86;Directed;;;1.0
3914;164;109;Directed;;;1.0
3915;779;778;Directed;;;1.0
3916;779;236;Directed;;;1.0
3917;779;63;Directed;;;1.0
3918;80;65;Directed;;;1.0
3919;80;79;Directed;;;1.0
3920;80;30;Directed;;;1.0
3921;80;365;Directed;;;1.0
3922;80;87;Directed;;;1.0
3923;80;99;Directed;;;1.0
3924;80;366;Directed;;;1.0
3925;80;960;Directed;;;1.0
